"url","pubDate","title"
"https://www.newsweek.com/kamala-harris-erodes-confidence-donald-trump-winning-election-1938565","2024-08-13T15:34:26+00:00","Kamala Harris erodes confidence in Donald Trump to win election"
"https://www.newsweek.com/donald-trump-polling-blow-economy-1938616","2024-08-13T15:27:40+00:00","Donald Trump suffers double polling blow over economy vs Kamala Harris"
"https://www.foxnews.com/opinion/greg-gutfeld-kamala-harris-morphing-donald-trump","2024-08-13T04:32:04+00:00","GREG GUTFELD: Is Kamala Harris morphing into Donald Trump?"
"https://theblast.com/619732/donald-trump-kamala-harris-looks-melania-x/","2024-08-13T13:15:00+00:00","Donald Trump Claims Kamala Harris Looks Like His Wife Melania"
"https://nymag.com/intelligencer/article/medias-bias-kamala-harris-donald-trump-double-standard.html","2024-08-13T10:00:52.204000+00:00","The Media’s Double Standard Favors Donald Trump, Not Kamala Harris"
"https://www.indiatimes.com/news/world/us-presidential-election-2024-after-donald-trump-elon-musk-offers-to-host-kamala-harris-639813.html","2024-08-13T07:52:32+00:00","US Presidential Election 2024: After Donald Trump interview, Elon Musk offers to host Kamala Harris"
"https://www.dailymail.co.uk/news/article-13737741/Kamala-Harris-takes-five-point-lead-Donald-Trump-independent-voters-race-swings-wide-open.html","2024-08-13T05:40:13+00:00","Kamala Harris takes five-point lead on Donald Trump with independents"
"https://www.newsweek.com/why-donald-trump-debating-kamala-harris-fox-news-could-backfire-1938493","2024-08-13T12:57:17+00:00","Why Donald Trump debating Kamala Harris on Fox News could backfire"
"https://www.newsweek.com/kamala-harris-drink-donald-trump-poll-beer-1938456","2024-08-13T11:52:40+00:00","Kamala Harris leads Donald Trump in ""beer"" poll that predicted past winners"
"https://www.forbes.com/sites/steveforbes/2024/08/13/heres-how-trump-can-defeat-kamala-harris-and-how-he-can-lose/","2024-08-13T10:00:00+00:00","Here’s How Trump Can Defeat Kamala Harris—And How He Can Lose"
"https://www.newsweek.com/donald-trump-flee-venezuela-loses-election-elon-musk-interview-1938321","2024-08-13T06:41:42+00:00","Donald Trump says he will flee to Venezuela if he loses election"
"https://www.usatoday.com/story/news/politics/elections/2024/08/13/kamala-time-magazine-cover-melania/74779474007/","2024-08-13T15:36:49+00:00","Kamala Harris' Time Magazine cover draws praise from an unlikely source: Donald Trump"
"https://www.usatoday.com/story/graphics/2024/08/13/trump-harris-2024-election-odds/74767125007/","2024-08-13T08:51:12+00:00","Kamala Harris rises in polls. See what election odds bettors give her now"
"https://www.mlive.com/politics/2024/08/kamala-harris-would-debate-donald-trump-in-grand-rapids-on-this-condition-campaign-says.html","2024-08-13T13:45:29.276000+00:00","Kamala Harris would debate Donald Trump in Grand Rapids on this condition, campaign says"
"https://www.yahoo.com/news/central-valley-farmers-donald-trump-181245005.html","2024-08-13T18:12:45+00:00","Central Valley farmers like Donald Trump on water. On California’s Kamala Harris, less so"
"https://www.huffpost.com/entry/bernie-sanders-donald-trump-2024_n_66bb9e99e4b0b1dc53031b5b","2024-08-13T19:23:57+00:00","Bernie Sanders Warns Donald Trump Is Gearing Up To Deny 2024 Election Results"
"https://www.forbes.com/sites/saradorn/2024/08/13/trump-vs-harris-2024-polls-harris-expands-lead-in-latest-survey/","2024-08-13T12:56:39+00:00","Trump Vs. Harris 2024 Polls: Harris Expands Lead In Latest Survey"
"https://www.newsweek.com/donald-trump-risk-losing-florida-presidential-election-kamala-harris-1938497","2024-08-13T12:10:21+00:00","Donald Trump at risk of losing Florida, poll suggests"
"https://www.foxnews.com/media/cnn-data-guru-says-donald-trump-very-much-ball-game-despite-harris-polling-gains","2024-08-13T17:30:01+00:00","CNN data guru says Donald Trump 'very much in this ball game' despite Harris' polling gains"
"https://www.newsweek.com/elon-musk-kamala-harris-spaces-x-twitter-1938337","2024-08-13T09:45:18+00:00","Elon Musk's offer to Kamala Harris after Trump interview"
"https://www.businessinsider.com/elon-musk-donald-trump-x-interview-livestream-2024-8","2024-08-13T20:53:50+00:00","Donald Trump and Elon Musk solidify their alliance with a 2-hour livestream"
"https://www.breitbart.com/politics/2024/08/13/exclusive-donald-trump-kamala-harris-will-not-sit-with-any-real-journalists-only-a-soft-democrat-interview/","2024-08-13T18:58:32+00:00","Exclusive — Donald Trump: Kamala Harris Will Not Sit with Any Real Journalists, Only ‘a Soft Democrat Interview’"
"https://www.yahoo.com/news/donald-trump-becoming-increasingly-detached-155619375.html","2024-08-13T15:56:19+00:00","Donald Trump Is Becoming Increasingly Detached From Reality"
"https://www.breitbart.com/2024-election/2024/08/13/donald-trump-kamala-harris-believes-in-tampons-in-boys-bathrooms-that-is-why-she-chose-tim-walz/","2024-08-13T17:45:53+00:00","Donald Trump: Kamala Harris 'Believes in Tampons in Boys' Bathrooms;' That Is Why She Chose Tim Walz"
"https://www.yahoo.com/news/both-harris-trump-campaigns-ramp-020143201.html","2024-08-13T02:01:43+00:00","Both Harris and Trump campaigns ramp up efforts in Georgia"
"https://www.bostonglobe.com/2024/08/13/opinion/trump-crowd-size-harris/","2024-08-13T17:01:48.695000+00:00","Donald Trump is a size queen"
"https://www.dailymail.co.uk/news/article-13738113/kamala-harris-fiery-response-trump-musk-interview.html","2024-08-13T08:21:15+00:00","Kamala Harris issues fiery response to Trump's rambling Musk interview"
"https://www.washingtonpost.com/elections/2024/08/13/2024-election-campaign-updates-harris-trump/","2024-08-13T11:39:42.425000+00:00","Election 2024 live updates: Walz, Harris seeking to shore up labor support, woo working class"
"https://www.dailymail.co.uk/news/article-13739835/kamala-harris-donald-trump-poll-wisconsin.html","2024-08-13T17:37:45+00:00","Shock poll reveals Kamala Harris with a nine-point lead in key state"
"https://www.newsmax.com/politics/florida-poll-donald-trump/2024/08/13/id/1176363/","2024-08-13T18:28:36+00:00","Fla Poll: Trump Leads Harris by 5 Points"
"https://www.breitbart.com/politics/2024/08/13/elon-musk-urges-moderates-to-back-donald-trump-path-to-prosperity/","2024-08-13T16:57:02+00:00","Elon Musk Urges Moderates to Back Donald Trump: 'Path to Prosperity'"
"https://www.sfchronicle.com/news/politics/article/the-latest-harris-begins-policy-rollout-19653664.php","2024-08-13T12:43:21+00:00","The Latest: Harris begins policy rollout; material from Trump campaign leaked to news outlets"
"https://www.sfgate.com/news/politics/article/the-latest-harris-begins-policy-rollout-19653664.php","2024-08-13T12:45:39+00:00","The Latest: Harris begins policy rollout; material from Trump campaign leaked to news outlets"
"https://www.chron.com/news/politics/article/the-latest-harris-begins-policy-rollout-19653664.php","2024-08-13T12:59:35+00:00","The Latest: Harris begins policy rollout; material from Trump campaign leaked to news outlets"
"https://thehill.com/homenews/campaign/4824842-five-questions-facing-kamala-harris/","2024-08-13T10:00:00+00:00","5 questions facing Kamala Harris"
"https://www.dailymail.co.uk/news/article-13739673/donald-trump-kamala-harris-florida-poll-2024-election.html","2024-08-13T16:59:01+00:00","Poll: Harris within 'striking distance' of Trump in his home state"
"https://finance.yahoo.com/news/bernstein-kamala-harris-campaign-may-063412824.html","2024-08-13T06:34:12+00:00","Bernstein: Kamala Harris Campaign May Impact Bitcoin Prices"
"https://nypost.com/2024/08/13/opinion/kamala-harris-hides-from-elon-musk-and-all-press-because-she-has-nothing-to-say/","2024-08-13T16:29:03+00:00","Kamala Harris hides from Elon Musk (and all press) because she has nothing to say"
"https://www.yahoo.com/news/biden-says-ll-attend-trump-232800636.html","2024-08-13T23:28:00+00:00","Biden says he’ll attend Trump inauguration if Harris loses"
"https://www.yahoo.com/news/women-voting-either-kamala-harris-141040001.html","2024-08-13T14:10:40+00:00","Women Voting For Either Kamala Harris Or Donald Trump Are Sharing The Reasons Why, And Some Of Them Have Me Scratching My Head"
"https://www.chicagotribune.com/2024/08/13/editorial-kamala-harris-donald-trump-tips-taxes-nevada/","2024-08-13T19:05:19+00:00","Editorial: Kamala Harris signs onto a signature Trump issue, taking pandering to new depths"
"https://www.yahoo.com/news/poll-says-harris-could-steal-203745972.html","2024-08-13T20:37:45+00:00","New Poll Says Harris Could Steal Crucial Trump State"
"https://www.vanityfair.com/news/story/trump-suggests-hell-flee-to-venezuela-if-harris-wins-the-election","2024-08-13T21:19:16.102000+00:00","Trump Suggests He’ll Flee to Venezuela If Harris Wins the Election"
"https://www.independent.co.uk/news/world/americas/us-politics/trump-musk-interview-harris-news-live-b2595378.html","2024-08-13T00:14:41+00:00","Trump and Musk speak in anticipated X interview as Harris leads in polls: Live"
"https://dailycaller.com/2024/08/13/democrat-strategist-trump-kamala-harris-time-magazine-cover/","2024-08-13T19:59:46+00:00","Dem Strategist Aghast About Trump Poking Fun At Harris Time Magazine Cover During Musk Livestream"
"https://www.chron.com/news/politics/article/why-trump-s-and-harris-proposals-to-end-federal-19653303.php","2024-08-13T07:12:28+00:00","Why Trump's and Harris' proposals to end federal taxes on tips would be difficult to enact"
"https://www.sfgate.com/news/politics/article/why-trump-s-and-harris-proposals-to-end-federal-19653303.php","2024-08-13T07:11:32+00:00","Why Trump's and Harris' proposals to end federal taxes on tips would be difficult to enact"
"https://www.newsweek.com/mark-hamill-election-remark-trump-1938631","2024-08-13T15:39:22+00:00","Star Wars' Mark Hamill's election remark takes internet by storm"
"https://www.mercurynews.com/2024/08/13/letters-1828/","2024-08-13T23:30:25+00:00","Letters: Harris vs. Trump"
"https://www.independent.co.uk/news/world/americas/us-politics/donald-trump-flee-venezuela-election-b2595836.html","2024-08-13T18:54:13+00:00","Donald Trump says he’ll flee to Venezuela if he loses the election"
"https://www.thedailybeast.com/trump-says-kamala-as-beautiful-as-melania-on-time-cover","2024-08-13T13:09:45.062000+00:00","Trump Says Kamala as ‘Beautiful’ as Melania on TIME Cover"
"https://www.rawstory.com/jd-vance-kamala-harris-2668955167/","2024-08-13T11:55:36+00:00","'Channeling Donald Trump Jr.' J.D. Vance's 'silly' lies called out by WaPo fact-checker"
"https://nymag.com/intelligencer/article/kamala-harris-symbol-new-political-era.html","2024-08-13T20:54:05.147000+00:00","Can Kamala Harris Be the Symbol of a New Political Era?"
"https://www.foxnews.com/politics/trump-chats-musk-overarching-interview-harris-continues-snubbing-media","2024-08-13T03:49:46+00:00","Trump chats with Musk in lengthy, overarching interview as Harris continues snubbing media"
"https://www.breitbart.com/politics/2024/08/13/elon-musk-you-cant-have-conversation-with-biden-harris-like-you-can-with-trump/","2024-08-13T17:13:03+00:00","Elon Musk: 'You Can't Have a Conversation with Biden or Harris' Like You Can with Trump"
"https://dailycaller.com/2024/08/13/cnns-harry-enten-kamala-harris-2024-donald-trump/","2024-08-13T14:24:03+00:00","CNN’s Harry Enten Warns Harris Fans Not To ‘Open The Champagne Bottle’ Yet As Trump ‘Very Much In This Ball Game’"
"https://www.nytimes.com/live/2024/08/13/us/harris-trump-election?utm_source%5C%5Cu003dnewsshowcase%5C%5Cu0026utm_medium%5C%5Cu003dgnews%5C%5Cu0026utm_campaign%5C%5Cu003dCDAQ3pblkMGuk8edARig8MXvytmfxakBKg8IACoHCAowjuuKAzCWrzw%5C%5Cu0026utm_content%5C%5Cu003drundown%5C%5Cu0026gaa_at%5C%5Cu003dg%5C%5Cu0026gaa_n%5C%5Cu003dAWsEHT62GoYEFfuR6Jts16_rqOwDeqNbfoX7u0AdKJK0Iq5VyLXFDA59umwXenY56NbwOEbEHlr-IQ%3D%3D%5C%5Cu0026gaa_ts%5C%5Cu003d66bb986b%5C%5Cu0026gaa_sig%5C%5Cu003dY3zh1Jk7KymugT2Us4pf8irc36xMbGDcEpV4T1TWWLqGQwYqdNyeE54KWJLAtuS19AoGIPVYZBzLavwQZllWLQ%3D%3D=","2024-08-13T12:00:56+00:00","Walz Courts Union Members and Derides Trump: Election Updates"
"https://www.yahoo.com/news/harris-trump-head-north-carolina-231900268.html","2024-08-13T23:19:00+00:00","Harris, Trump head to North Carolina as battleground map widens"
"https://thehill.com/homenews/ap/ap-u-s-news/ap-the-latest-harris-begins-policy-rollout-material-from-trump-campaign-leaked-to-news-outlets/","2024-08-13T19:48:52+00:00","The Latest: Harris begins policy rollout; material from Trump campaign leaked to news outlets"
"https://www.reuters.com/world/us/who-are-candidates-running-2024-us-presidential-election-2023-09-19/","2024-08-13T18:39:30+00:00","2024 election: Who is running for US president?"
"https://www.foxnews.com/media/newsweek-headline-rewrites-trumps-pledge-eliminate-taxes-tips-kamala-harris-tax-proposal","2024-08-13T00:00:37+00:00","Newsweek headline rewrites Trump's pledge to eliminate taxes on tips as 'Kamala Harris' tax proposal'"
"https://www.newsmax.com/newsfront/harris-leads-trump/2024/08/13/id/1176301/","2024-08-13T12:22:47+00:00","Independent Center Poll: Harris Leads Trump by 9 Points in Wisconsin"
"https://www.dailykos.com/stories/2024/8/13/2262937/-TRUMP-IS-LOSING-to-Kamala-Harris-Who-He-Says-is-Dumb-Low-IQ-What-Does-that-Say-About-Trump","2024-08-13T20:41:01+00:00","TRUMP IS LOSING to Kamala Harris, Who He Says is Dumb, Low IQ - So What is He Saying About Himself?"
"https://www.westernjournal.com/kamala-harris-campaign-panics-drops-meltdown-message-trump-musk-interview-turn-tables/","2024-08-13T13:02:43+00:00","Kamala Harris Campaign Panics, Drops Meltdown Message as Trump-Musk Interview Could Turn Tables on Her"
"https://www.axios.com/2024/08/13/harris-trump-polls-pennsylvania-wisconsin-michigan","2024-08-13T17:03:31+00:00","Harris’ surprising Rust Belt strength"
"https://www.newsweek.com/donald-trump-kamala-harris-robert-kennedy-jr-rfk-opinion-polls-ballot-new-york-1938452","2024-08-13T13:10:49+00:00","Why RFK Jr being kicked off the ballot is bad news for Kamala Harris"
"https://www.washingtonpost.com/politics/2024/08/13/trump-harris-vance-walz-election/d0320eb6-5970-11ef-93a9-023ab69f91f5_story.html","2024-08-13T12:37:33+00:00","The Latest: Harris begins policy rollout; material from Trump campaign leaked to news outlets"
"https://www.ajc.com/news/nation-world/the-latest-harris-begins-policy-rollout-material-from-trump-campaign-leaked-to-news-outlets/FCQI5XLE5JBZ7MHA57Y4HGVFPI/","2024-08-13T12:40:47+00:00","The Latest: Harris begins policy rollout; material from Trump campaign leaked to news outlets"
"https://www.usatoday.com/story/news/politics/elections/2024/08/13/kamala-harris-alpha-kappa-alpha/74779485007/","2024-08-13T14:26:19+00:00","Alpha Kappa Alpha, Kamala Harris' sorority, launches political action committee"
"https://www.rawstory.com/donald-trump-election-denial/","2024-08-13T22:53:03+00:00","'Method to his madness': Senator warns Trump is setting stage for election denial"
"https://www.foxnews.com/politics/kamala-harris-campaign-criticizes-trump-serving-self-obsessed-rich-guys-after-interview-elon-musk","2024-08-13T07:41:06+00:00","Kamala Harris' campaign criticizes Trump for serving 'self-obsessed rich guys' after interview with Elon Musk"
"https://www.yahoo.com/news/opinion-why-trump-worried-rfk-103039294.html","2024-08-13T10:30:39+00:00","Why Trump should be worried about RFK Jr. even as he flounders"
"https://www.telegraph.co.uk/us/politics/2024/08/13/fbi-investigating-alleged-hacking-attempts-trump-harris/","2024-08-13T00:00:00+00:00","FBI investigating alleged attempts to hack Trump and Biden-Harris campaigns"
"https://nypost.com/2024/08/12/us-news/harris-even-with-trump-stein-up-by-10-points-in-north-carolina/","2024-08-13T02:06:23+00:00","Poll: Harris even with Trump, Stein up by 10 points in North Carolina"
"https://www.yahoo.com/news/kamala-harris-campaign-criticizes-trump-074106674.html","2024-08-13T09:29:04+00:00","Kamala Harris' campaign criticizes Trump for serving 'self-obsessed rich guys' after interview with Elon Musk"
"https://www.bostonglobe.com/2024/08/13/opinion/letters-to-the-editor-harris-walz-ticket/","2024-08-13T06:10:00.344000+00:00","Democrats can’t afford to be lukewarm about Harris-Walz ticket"
"https://www.nytimes.com/2024/08/13/us/politics/kamala-harris-progressive-ad-campaign.html?utm_source%5C%5Cu003dnewsshowcase%5C%5Cu0026utm_medium%5C%5Cu003dgnews%5C%5Cu0026utm_campaign%5C%5Cu003dCDAQ3pblkMGuk8edARig8MXvytmfxakBKg8IACoHCAowjuuKAzCWrzw%5C%5Cu0026utm_content%5C%5Cu003drundown%5C%5Cu0026gaa_at%5C%5Cu003dg%5C%5Cu0026gaa_n%5C%5Cu003dAWsEHT7Ungc5SIszjEGnkJcVf9sqRE00vPHHHyrYRi7ZWPHjRTAkrL4kP0aJvYkmxMPYjqmiKRub7w%3D%3D%5C%5Cu0026gaa_ts%5C%5Cu003d66bbc339%5C%5Cu0026gaa_sig%5C%5Cu003dyKUpaVwrTioH9GgbEfvkHQoYNENclVm93i8c440z8n5kZMiTrD6yH0EbIaoeHUce2djmsKAY44kfN0aDm4nqOQ%3D%3D=","2024-08-13T17:49:55+00:00","Progressive Coalition Shifts $25 Million Campaign to Back Kamala Harris"
"https://www.newsweek.com/lil-pump-kamala-harris-race-indian-black-1938414","2024-08-13T11:55:57+00:00","Lil Pump's Kamala Harris remark goes viral as he wears MAGA hat"
"https://www.yahoo.com/news/vice-president-kamala-harris-visit-130000557.html","2024-08-13T13:00:00+00:00","Vice President Kamala Harris to visit Raleigh, NC to talk about the economy"
"https://www.foxnews.com/media/laura-americans-want-make-media-happy-theyll-vote-kamala-harris","2024-08-13T00:07:42+00:00","LAURA: If Americans want to make the media happy, they'll vote for Kamala Harris"
"https://www.newsweek.com/exclusive-bernie-sanders-how-kamala-harris-can-win-1937601","2024-08-13T09:00:01+00:00","Exclusive: Bernie Sanders on how Kamala Harris can win"
"https://www.washingtonexaminer.com/news/campaigns/congressional/3119180/jim-jordan-election-ohio-fundraising-tamie-wilson/","2024-08-13T11:00:00+00:00","Jim Jordan opponent credits Kamala Harris excitement for cash bump"
"https://www.rawstory.com/trump-harris-2668954873/","2024-08-13T11:03:13+00:00","Trump shamed by Nobel Prize winner shocked by 'ugly word' attack on Harris"
"https://www.huffpost.com/entry/kamala-harris-donald-trump-ai_n_66bb741fe4b0768018b70a53","2024-08-13T16:08:43+00:00","I Was At A Harris-Walz Rally. Those Crowd Shots Aren’t AI."
"https://www.breitbart.com/2024-election/2024/08/13/pennsylvanians-to-kamala-harris-we-do-not-trust-you-on-fracking/","2024-08-13T20:23:19+00:00","Pennsylvanians to Kamala Harris: We Do Not Trust You on Fracking"
"https://www.newsweek.com/will-kamala-harris-need-define-campaign-republicans-demand-specifics-1938459","2024-08-13T13:26:24+00:00","Will Kamala Harris need to define campaign as Republicans demand specifics?"
"https://www.newsweek.com/kamala-harris-boost-north-carolina-1938354","2024-08-13T11:31:16+00:00","Kamala Harris gets boost in North Carolina as RFK Jr remains on ballot"
"https://www.rawstory.com/kamala-harris-florida-2668958002/","2024-08-13T21:07:42+00:00","Florida Democrats reveal why Sunshine State may be in play for Kamala Harris"
"https://www.dailymail.co.uk/news/article-13739409/Republicans-issue-warning-Trump-campaign-strategy-Elon-Musk-interview-tell-needs-window-closing-2024.html","2024-08-13T15:37:41+00:00","Republicans issue warning to Trump over strategy after X interview"
"https://www.breitbart.com/politics/2024/08/13/elon-musk-you-cant-have-conversation-with-biden-kamala-like-you-can-with-trump/","2024-08-13T17:13:03+00:00","Elon Musk: 'You Can't Have a Conversation with Biden or Kamala' Like You Can with Trump"
"https://www.dailywire.com/news/wapo-which-hasnt-asked-harris-one-question-slams-musks-softball-questions-of-trump","2024-08-13T15:11:15+00:00","WaPo, Which Hasn’t Asked Harris One Question, Slams Musk’s ‘Softball’ Questions Of Trump"
"https://www.foxnews.com/opinion/morning-glory-kamala-harris-not-ready-president","2024-08-13T09:00:51+00:00","Morning Glory: Kamala Harris is not ready to be president"
"https://www.dailymail.co.uk/news/article-13738331/donald-trump-nyc-blamed-border-Czar-Kalama-Harris-illegal-immigration.html","2024-08-13T11:12:58+00:00","Trump blamed 'border Czar' Kalama Harris for illegal migration crisis"
"https://www.theguardian.com/us-news/live/2024/aug/13/harris-trump-musk-interview-election-updates","2024-08-13T12:55:14+00:00","Harris campaign condemns Trump’s ‘extremism and dangerous agenda’ after interview with Elon Musk – live"
"https://www.yahoo.com/news/allies-want-trump-message-long-130513450.html","2024-08-13T13:05:13+00:00","Allies want Trump to get on message and long Covid test proves elusive: Morning Rundown"
"https://www.rawstory.com/kamala-harris-2024-2668956716/","2024-08-13T20:02:46+00:00","'Voters are shifting': Goldman Sachs sees momentum building for Kamala Harris"
"https://www.breitbart.com/news/why-trumps-and-harris-proposals-to-end-federal-taxes-on-tips-would-be-difficult-to-enact/","2024-08-13T07:24:23+00:00","Why Trump's and Harris' proposals to end federal taxes on tips would be difficult to enact"
"https://www.foxnews.com/politics/bernie-sanders-disagrees-trump-keeps-insisting-harris-more-liberal-than-vermont-senator","2024-08-13T18:52:15+00:00","Bernie Sanders disagrees, but Trump keeps insisting Harris is more liberal than the Vermont senator"
"https://www.newsmax.com/politics/donaldtrump-2024election-eu/2024/08/12/id/1176268/","2024-08-13T02:32:00+00:00","Trump Campaign: EU Tried to 'Meddle' in US Election"
"https://www.washingtonexaminer.com/news/washington-secrets/3119626/medias-pro-harris-hype-affecting-polls-hard/","2024-08-13T14:58:48+00:00","Media’s pro-Harris hype affecting polls hard"
"https://www.westernjournal.com/sheriff-shown-kamala-harris-ad-reveals-truth-featured-clip-deceiving-say-least/","2024-08-13T22:20:52+00:00","Sheriff Who Was Shown in Kamala Harris Ad Reveals Truth About Featured Clip: 'Deceiving, to Say the Least'"
"https://www.ajc.com/news/nation-world/why-trumps-and-harris-proposals-to-end-federal-taxes-on-tips-would-be-difficult-to-enact/MPHTPAT3Y5ELNF64ABULAP7PHQ/","2024-08-13T07:10:46+00:00","Why Trump's and Harris' proposals to end federal taxes on tips would be difficult to enact"
"https://www.foxnews.com/politics/close-contest-between-trump-harris-battleground-state-turned-red-poll","2024-08-13T15:59:41+00:00","Close contest between Trump and Harris in this battleground state turned red: poll"
"https://www.theguardian.com/commentisfree/article/2024/aug/13/kamala-harris-needs-to-take-on-google-and-other-monopolies","2024-08-13T16:00:17+00:00","Kamala Harris needs to take on Google and other monopolies"
"https://www.chicagotribune.com/2024/08/13/taxes/","2024-08-13T13:24:13+00:00","Why Trump’s and Harris’ proposals to end federal taxes on tips would be difficult to enact"
"https://www.nydailynews.com/2024/08/13/biden-attending-trump-inaguration-if-harris-loses/","2024-08-13T22:51:12+00:00","Biden says he’ll attend Trump inauguration if Harris loses"
"https://www.rawstory.com/nikki-haley-2668958211/","2024-08-13T23:41:42+00:00","Nikki Haley begs GOP to 'quit whining' about Kamala Harris — and start attacking her words"
"https://www.businessinsider.com/kamala-harris","2024-08-13T20:47:29+00:00","Kamala Harris is running for president. Here's everything to know about her life, career, history, and policy views."
"https://www.independent.co.uk/news/world/americas/us-politics/trump-musk-interview-harris-news-live-b2595378.html?page%5C%5Cu003d3=","2024-08-13T07:43:23+00:00","Trump-Musk interview live: Trump likens Harris to Melania in tech-plagued X interview"
"https://www.breitbart.com/2024-election/2024/08/13/joe-biden-implies-he-would-attend-donald-trumps-inauguration-i-have-good-manners/","2024-08-13T22:47:31+00:00","Joe Biden Implies He Would Attend Donald Trump's Inauguration: 'I Have Good Manners'"
"https://www.washingtonexaminer.com/news/3118792/three-reasons-smith-wanted-delay-trump-2020-election-case/","2024-08-13T09:00:00+00:00","Three reasons why Smith wanted to delay Trump 2020 election case"
"https://dailycaller.com/2024/08/13/harris-faulkner-fox-news-political-analyst-spar-with-dem-after-he-justifies-harris-lack-of-policy-proposals/","2024-08-13T17:22:30+00:00","Harris Faulkner, Fox News Political Analyst Spar With Dem After He Justifies Harris’ Lack Of Policy Proposals"
"https://www.seattletimes.com/business/why-trumps-and-harris-proposals-to-end-federal-taxes-on-tips-would-be-difficult-to-enact/","2024-08-13T07:01:05+00:00","Why Trump’s and Harris’ proposals to end federal taxes on tips would be difficult to enact"
"https://apnews.com/article/harris-trump-tips-taxes-pay-workers-election-9ed6e049a53b1943471ce2b6479b9ffb","2024-08-13T07:00:00+00:00","Why Trump's and Harris' proposals to end federal taxes on tips would be difficult to enact"
"https://www.theguardian.com/us-news/article/2024/aug/12/trump-elon-musk-interview","2024-08-13T03:27:27+00:00","Trump revisits most divisive talking points in rambling interview with Musk"
"https://www.rawstory.com/trump-2024-2668956338/","2024-08-13T13:45:57+00:00","Trump campaign has 'break-glass' moment amid GOP 'panic': report"
"https://finance.yahoo.com/news/the-feds-independence-emerges-as-a-clear-dividing-line-for-harris-and-trump-145159192.html","2024-08-13T14:51:59+00:00","The Fed's independence emerges as a clear dividing line for Harris and Trump"
"https://abcnews.go.com/538/harriss-late-start-hurt-general-election/story?id=112808425","2024-08-13T21:42:06+00:00","Will Harris's late start help or hurt her in the general election?"
"https://www.newsmax.com/politics/biden-harris-policy/2024/08/13/id/1176381/","2024-08-13T20:34:22+00:00","Biden: Harris Is Not Progressive"
"https://nypost.com/2024/08/13/us-news/democrats-blanket-swing-states-with-billboards-comparing-trumps-weird-campaign-with-harris-vision/","2024-08-13T14:31:28+00:00","Democrats blanket swing states with billboards comparing Trump’s ‘weird campaign,’ with Harris’ ‘vision’"
"https://www.yahoo.com/entertainment/jon-stewart-uses-awkward-montage-100638289.html","2024-08-13T10:06:38+00:00","Jon Stewart uses an awkward montage to show how Trump is reusing old attacks"
"https://www.axios.com/2024/08/13/trump-harris-campaign-changes-2024-election","2024-08-13T09:48:30+00:00","Feeling the heat from Harris, Trump makes changes"
"https://www.washingtonexaminer.com/news/campaigns/presidential/3119821/kamala-harris-alpha-kappa-alpha-sorority-pac/","2024-08-13T16:49:30+00:00","Kamala Harris's sorority launches a political action committee"
"https://www.yahoo.com/news/trump-v-harris-live-tim-074603732.html","2024-08-13T10:51:05+00:00","Trump-Musk interview live: Trump bizarrely likens Harris to wife Melania in rambling, tech-plagued X interview"
"https://www.independent.co.uk/news/world/americas/us-politics/trump-musk-interview-harris-news-live-b2595378.html?page%5C%5Cu003d2=","2024-08-13T07:00:00+00:00","Election 2024 live: Trump-Musk interview marred by tech glitches"
"https://www.dailykos.com/stories/2024/8/13/2262813/-A-display-of-two-planet-sized-egos-Media-reacts-to-Trump-Musk-interview","2024-08-13T18:06:40+00:00","'A display of two planet-sized egos': Media reacts to Trump-Musk interview"
"https://www.westernjournal.com/trump-drops-bombs-kamala-harris-live-x-takes-hilarious-swing-biden-might-not-iq/","2024-08-13T13:51:00+00:00","Trump Drops Bombs on Kamala Harris Live on X, Takes Hilarious Swing at Biden Who ‘Might Not Have an IQ at All’"
"https://thehill.com/homenews/ap/ap-top-headlines/ap-why-trumps-and-harris-proposals-to-end-federal-taxes-on-tips-would-be-difficult-to-enact/","2024-08-13T10:52:30+00:00","Why Trump’s and Harris’ proposals to end federal taxes on tips would be difficult to enact"
"https://www.chron.com/politics/article/elon-musk-donald-trump-interview-x-19652859.php","2024-08-13T03:31:03+00:00","Donald Trump queens out with Elon Musk in X interview"
"https://www.dailykos.com/story/2024/8/13/2262832/-Trump-s-Racist-and-Rambling-Conspiracies-and-the-MAGA-Liars-Who-Pass-Them-On","2024-08-13T14:46:52+00:00","Trump’s Racist and Rambling Conspiracies and the MAGA Liars Who Pass Them On"
"https://www.yahoo.com/news/opinion-why-vances-small-crowd-103039361.html","2024-08-13T10:43:42+00:00","Why Vance's small crowd sizes matter more than you think"
"https://www.yahoo.com/news/trump-v-harris-live-tim-074603269.html","2024-08-13T19:40:00+00:00","Trump vs Harris live updates: UAW hits Trump with labor charges over strike comments in Musk interview"
"https://www.thedailybeast.com/leaked-memo-shows-pro-trump-pacs-dollar100m-ad-strategy","2024-08-13T00:14:27.157000+00:00","Leaked Memo Shows Pro-Trump PAC’s $100M Ad Strategy"
"https://www.yahoo.com/news/ex-aide-breaks-down-why-102316202.html","2024-08-13T10:23:16+00:00","Ex-Aide Breaks Down Why She Thinks Donald Trump Is Starting To 'Spiral'"
"https://www.yahoo.com/news/kamala-harris-power-diverse-coalitions-122416247.html","2024-08-13T12:24:16+00:00","Kamala Harris and the power of diverse coalitions: why DEI criticisms miss the mark"
"https://nypost.com/2024/08/13/us-news/blue-wall-voters-would-rather-drink-with-harris-than-trump-poll/","2024-08-13T20:28:58+00:00","‘Blue Wall’ voters would rather drink with Harris than Trump: poll"
"https://www.huffpost.com/entry/sarah-matthews-donald-trump-spiral_n_66bb27f3e4b04b3eb2525afe","2024-08-13T10:23:16+00:00","Ex-Aide Breaks Down Why She Thinks Donald Trump Is Really Starting To 'Spiral'"
"https://www.yahoo.com/news/m-republican-strategist-trump-tanking-183628102.html","2024-08-13T18:50:09+00:00","I’m a Republican strategist. Here’s how Trump is tanking his own campaign."
"https://www.cnn.com/2024/08/13/politics/musk-trump-harris-analysis/index.html","2024-08-13T04:17:51.137000+00:00","Analysis: Musk tries to help Trump halt the Harris surge"
"https://www.scmp.com/news/china/article/3274272/trump-says-his-biggest-fear-nuclear-warming-china-overtake-us-capability","2024-08-13T04:57:28+00:00","Trump says biggest fear is ‘nuclear warming’, with China to pass US capability"
"https://thehill.com/homenews/campaign/4826106-florida-harris-trump-rfk-jr-2024/","2024-08-13T19:35:25+00:00","Harris in ‘striking distance’ of Trump in Florida, pollster says"
"https://www.dailykos.com/stories/2024/8/13/2262660/-Here-s-why-pro-Palestinian-protests-targeting-Harris-will-backfire","2024-08-13T14:00:09+00:00","Here's why pro-Palestinian protests targeting Harris will backfire"
"https://www.dailywire.com/news/this-so-called-conservative-is-trying-to-convince-you-to-vote-for-kamala-harris-heres-why-thats-an-insane-idea","2024-08-13T20:20:46+00:00","This So-Called ‘Conservative’ Is Trying To Convince You To Vote For Kamala Harris. Here’s Why That’s An Insane Idea."
"https://www.independent.co.uk/news/world/americas/us-politics/trump-elon-musk-melania-harris-beautiful-b2595502.html","2024-08-13T09:16:19+00:00","Moment Trump says ‘beautiful’ Harris looks like Melania in Elon Musk interview"
"https://www.newsweek.com/stephen-king-musk-twitter-1938394","2024-08-13T10:50:21+00:00","Stephen King's Donald Trump, Elon Musk interview comment takes off online"
"https://www.theguardian.com/commentisfree/article/2024/aug/13/donald-trump-full-meltdown-mode-could-he-destroy-his-own-campaign","2024-08-13T11:44:13+00:00","Donald Trump is in full meltdown mode. Could he destroy his own campaign?"
"https://www.nydailynews.com/2024/08/13/harris-trump-north-carolina-battleground-map-widens/","2024-08-13T20:30:51+00:00","Harris, Trump head to North Carolina as battleground map widens"
"https://www.inquirer.com/politics/election/harris-walz-trump-vance-campaign-events-maryland-pennsylvania-20240813.html","2024-08-13T18:04:25+00:00","Trump, Vance to visit Pa. this week as Harris-Walz campaign sets sights on events in Maryland and Boston"
"https://townhall.com/tipsheet/rebeccadowns/2024/08/13/problems-with-nytsiena-college-poll-n2643332","2024-08-13T20:00:00+00:00","Major Poll Shows Harris Leading Trump, but Should We Be Skeptical?"
"https://finance.yahoo.com/news/why-harris-ranks-better-on-the-economy-than-trump-and-biden-185923243.html","2024-08-13T18:59:23+00:00","Why Harris ranks better on the economy than Trump (and Biden)"
"https://www.rawstory.com/harris-media-trump/","2024-08-13T14:09:39+00:00","'Coherent?' CNN anchor laughs as Republican argues Trump aced news conference"
"https://www.yahoo.com/entertainment/jon-stewart-mocks-trump-still-142822894.html","2024-08-13T14:28:22+00:00","Jon Stewart mocks Trump for still being hung up on Biden: ‘He’s not coming back, Donald’"
"https://www.bbc.com/news/articles/cm2n3pg157mo","2024-08-13T10:34:16.700000+00:00","MTV VMAs delayed to avoid clash with US presidential debate between Trump and Harris"
"https://www.washingtonexaminer.com/news/3119612/blagojevich-calls-harris-co-conspirator-hiding-bidens-mental-decline/","2024-08-13T15:38:38+00:00","Blagojevich calls Harris ‘co-conspirator’ in hiding Biden’s mental decline"
"https://www.foxnews.com/media/white-house-saying-theres-no-daylight-between-biden-harris-ridiculed-trump-campaign-ad","2024-08-13T10:30:20+00:00","White House saying there's 'no daylight' between Biden, Harris ridiculed as 'Trump campaign ad'"
"https://www.rawstory.com/poll-trump-vs-harris-2024/","2024-08-13T18:23:31+00:00","Here's a tell that it's time for the Trump campaign to 'start worrying': reporter"
"https://www.bostonglobe.com/2024/08/13/nation/why-trumps-harris-proposals-end-federal-taxes-tips-would-be-difficult-enact/","2024-08-13T08:31:34.988000+00:00","Why Trump’s and Harris’s proposals to end federal taxes on tips would be difficult to enact"
"https://www.thedailybeast.com/donald-trump-hints-hell-flee-to-venezuela-if-he-loses-the-election-far-safer","2024-08-13T16:20:52.088000+00:00","Trump Hints He’ll Flee to Venezuela If He Loses the Election: ‘Far Safer’"
"https://finance.yahoo.com/news/wtf-why-harris-ranks-better-on-the-economy-than-trump-and-biden-185923731.html","2024-08-13T18:59:23+00:00","WTF? Why Harris ranks better on the economy than Trump (and Biden)"
"https://thehill.com/homenews/campaign/4825342-van-jones-donald-trump-kamala-harris-media-attention-2024/","2024-08-13T12:45:11+00:00","Van Jones: Trump ‘freaked out’ about not getting as much attention as Harris"
"https://www.rawstory.com/donald-trump-crowd-size/","2024-08-13T12:55:06+00:00","'Really fun': Ex-senator tells 'Morning Joe' she loves seeing Trump face his 'kryptonite'"
"https://www.telegraph.co.uk/us/comment/2024/08/13/ten-million-migrants-us-border-harris-czar-election-truth/","2024-08-13T19:03:00+00:00","Ten million migrants stormed our border while Harris was ‘border czar’. What will change?"
"https://www.thedailybeast.com/ignore-the-media-haters-the-harris-honeymoon-is-far-from-over","2024-08-13T10:55:29.557000+00:00","Ignore the Media Haters. The ‘Harris Honeymoon’ Is Far From Over"
"https://www.usatoday.com/story/news/politics/elections/2024/08/13/kamala-harris-trump-florida-polls/74770114007/","2024-08-13T09:13:22+00:00","Latest Harris-Trump poll highlights danger for former president in Florida"
"https://variety.com/2024/politics/news/elon-musk-donald-trump-x-interview-1236104757/","2024-08-13T03:44:39+00:00","After 40-Minute Delay, Elon Musk and Donald Trump Hold Marathon Bull Session on X"
"https://www.zerohedge.com/political/if-harris-declines-2-proposed-debates-will-become-trump-town-halls","2024-08-13T14:00:00+00:00","If Harris Rejects 'Unscripted' Face-Offs, Two Proposed Debates Will Become Trump Town-Halls"
"https://finance.yahoo.com/news/latest-trump-interview-elon-musk-143146658.html","2024-08-13T01:29:11+00:00","The Latest: Trump interview with Elon Musk on X plagued by glitches"
"https://www.dailykos.com/stories/2024/8/13/2262869/-Just-in-case-you-were-wondering-exactly-Where-Donald-Trump-stands-on-Public-Education?utm_campaign%5C%5Cu003drecent=","2024-08-13T17:25:40+00:00","Just in case you were wondering exactly Where Donald Trump stands on Public Education"
"https://www.dailymail.co.uk/news/article-13735529/kamala-harris-tax-tips-donald-trump.html","2024-08-13T11:14:57+00:00","The poll that shows why Kamala pinched Trump's plan to end tax on tips"
"https://www.washingtonpost.com/business/2024/08/13/kamala-harris-fracking-pennsylvania-climate/","2024-08-13T12:00:58.467000+00:00","In Pennsylvania, Harris can’t shake her anti-fracking past"
"https://www.axios.com/local/raleigh/2024/08/13/the-tea-new-harris-walz-billboards-up-in-raleigh","2024-08-13T10:36:32.249398+00:00","The Tea: New Harris-Walz billboards up in Raleigh"
"https://www.washingtonpost.com/opinions/2024/08/13/kamala-harris-surge-polls/","2024-08-13T12:35:37.018000+00:00","It’s not just vibes. Harris is polling really well."
"https://www.foxnews.com/opinion/donald-trump-almost-assassinated-one-month-ago-our-media-has-moved-on-voters-have-not","2024-08-13T18:37:32+00:00","Donald Trump was almost assassinated one month ago. Our media has moved on. Voters have not"
"https://www.washingtonexaminer.com/news/campaigns/presidential/3118465/harris-contends-biden-record-her-own/","2024-08-13T09:00:00+00:00","Harris contends with Biden's record — and her own"
"https://www.mercurynews.com/2024/08/13/fact-check-trump-made-at-least-20-false-claims-in-his-conversation-with-elon-musk/","2024-08-13T13:51:24+00:00","Donald Trump made at least 20 false claims in his conversation with Elon Musk"
"https://www.breitbart.com/politics/2024/08/12/trump-bidens-ousting-coup-president-united-states/","2024-08-13T02:25:50+00:00","Trump: Biden's Ousting 'Was a Coup of the President of the United States'"
"https://dailycaller.com/2024/08/13/she-doesnt-represent-my-values-swing-state-voters-tell-cnn-they-have-doubts-about-harris/","2024-08-13T19:32:11+00:00","‘She Doesn’t Represent My Values’: Swing-State Voters Tell CNN They ‘Have Doubts’ About Harris"
"https://www.yahoo.com/news/team-trump-fumes-trainwreck-elon-133415399.html","2024-08-13T13:34:15+00:00","Team Trump Fumes After Trainwreck Elon Musk Interview"
"https://www.breitbart.com/2024-election/2024/08/12/elon-musk-road-destiny-civilization-trumps-right-path/","2024-08-13T04:52:30+00:00","Elon Musk: 'We're at a Fork in the Road of Destiny' and Trump Is 'the Right Path'"
"https://www.yahoo.com/news/donald-trump-elon-musk-x-interview-lasted-2-hours-what-the-two-talked-about-and-why-trump-agreed-to-this-004555284.html","2024-08-13T03:12:18+00:00","Donald Trump, Elon Musk X interview lasted 2 hours. What the two talked about and why Trump agreed to this"
"https://dailycaller.com/2024/08/13/kamala-harris-avoid-specifics-policy-trump-election-democrats/","2024-08-13T17:05:31+00:00","Dems Hope Harris Dodges Specifics, Rides ‘Wave Of Enthusiasm’ As Long As Possible"
"https://dailycaller.com/2024/08/13/karol-markowicz-trump-childish-attacks-kamala-harris-focus-issues/","2024-08-13T21:58:05+00:00","Fox News Columnist Says Trump Needs To Stop With ‘Childish’ Attacks Against Harris And Focus On ‘Issues’"
"https://nypost.com/2024/08/13/us-news/trump-hammers-democrats-on-border-inflation-in-elon-musk-interview/","2024-08-13T04:30:37+00:00","Trump hammers ‘defective’ Democrats on border, inflation and foreign policy in a wide-ranging interview with Elon Musk"
"https://www.reuters.com/world/us/harris-detail-plans-cut-costs-key-policy-speech-north-carolina-2024-08-13/","2024-08-13T23:28:46+00:00","Harris to target price gouging in first policy speech in North Carolina"
"https://townhall.com/columnists/bradslager/2024/08/13/donald-trump-was-on-with-elon-musk-as-the-media-shows-the-need-to-be-on-medication-n2643363","2024-08-13T23:43:02+00:00","Donald Trump Was on With Elon Musk as the Media Shows the Need to Be on Medication"
"https://www.indiatimes.com/news/world/donald-trump-calls-joe-bidens-exit-coup-in-interview-by-elon-musk-639775.html","2024-08-13T02:19:19+00:00","Donald Trump calls Joe Biden's exit 'coup' in Elon Musk interview on X, marred by technical glitches"
"https://www.latimes.com/opinion/story/2024-08-13/donald-trump-campaign-kamala-harris-polling","2024-08-13T06:00:45-04:00","Goldberg: Trump turned politics into reality TV. Now Harris is the show to watch"
"https://www.foxnews.com/us/fbi-investigating-irans-hack-trump-campaign-documents","2024-08-13T00:22:42+00:00","FBI investigating Iran’s hack of Trump campaign documents"
"https://www.yahoo.com/news/whos-winning-the-7-key-swing-states-harris-or-trump-inside-the-latest-polls-152953081.html","2024-08-13T15:29:53+00:00","Who's winning the 7 key swing states, Harris or Trump? Inside the latest polls."
"https://www.theguardian.com/environment/article/2024/aug/13/donald-trump-paris-climate-treaty-kamala-harris-china","2024-08-13T05:00:03+00:00","Trump would pull out of Paris climate treaty again – and Harris faces tough choices"
"https://www.nytimes.com/2024/08/12/us/politics/trump-elon-musk-x-spaces.html","2024-08-13T04:01:30+00:00","Musk Tees Up Softball Questions for Trump on X, After Technical Problems"
"https://nypost.com/2024/08/13/opinion/identity-politics-wont-save-kamala-harris-in-this-election/","2024-08-13T20:52:11+00:00","Harris can’t rely on identity politics this election, as wokery becomes a luxury belief"
"https://www.dailykos.com/stories/2024/8/13/2262912/-Vibe-checks-out-New-poll-shows-Harris-has-reignited-Democratic-enthusiasm","2024-08-13T22:01:15+00:00","Vibe checks out: New poll shows Harris has reignited Democratic enthusiasm"
"https://www.washingtonexaminer.com/news/campaigns/presidential/3120174/everything-we-know-trump-campaign-hack/","2024-08-13T21:30:37+00:00","Everything we know about the Trump campaign hack"
"https://www.msnbc.com/opinion/msnbc-opinion/jd-vance-trump-campaign-events-rcna166236","2024-08-13T10:00:00+00:00","Why Vance's small crowd sizes matter more than you think"
"https://www.dailykos.com/stories/2024/8/13/2262883/-The-madness-continues-Trump-on-Harris-looks-like-the-most-beautiful-actress-ever-to-live?utm_campaign%5C%5Cu003drecent=","2024-08-13T17:37:08+00:00","The madness continues... Trump on Harris: ""looks like the most beautiful actress ever to live”"
"https://www.yahoo.com/news/why-trumps-harris-proposals-end-215033600.html","2024-08-13T07:00:06+00:00","Why Trump's and Harris' proposals to end federal taxes on tips would be difficult to enact"
"https://www.yahoo.com/news/trump-falsely-claims-harris-used-ai-to-fake-rally-image-as-his-obsession-with-crowd-size-deepens-213307478.html","2024-08-13T13:54:54+00:00","Trump falsely claims Harris used AI to fake rally image as his obsession with crowd size deepens"
"https://www.nytimes.com/live/2024/08/13/us/harris-trump-election/the-police-say-a-man-broke-into-a-trump-campaign-office-in-virginia","2024-08-13T16:17:13+00:00","The police say a man broke into a Trump campaign office in Virginia."
"https://www.yahoo.com/news/murdoch-wall-street-journal-dump-001114715.html","2024-08-13T00:11:14+00:00","Is Murdoch’s Wall Street Journal About to Dump Trump?"
"https://www.thedailybeast.com/is-murdochs-wall-street-journal-about-to-dump-trump","2024-08-13T00:11:14.775000+00:00","Is Murdoch’s Wall Street Journal About to Dump Trump?"
"https://finance.yahoo.com/news/4-reasons-shouldn-t-worry-180018935.html","2024-08-13T18:00:18+00:00","4 Reasons You Shouldn’t Worry About the Election Impacting the Stock Market"
"https://www.zerohedge.com/political/green-party-survives-dems-ballot-challenge-battleground-state-kamala-shudders","2024-08-13T15:40:00+00:00","Green Party Survives Dems' Ballot Challenge In Battleground State - Kamala Shudders"
"https://www.yahoo.com/news/harris-campaign-transforming-big-crowds-130000310.html","2024-08-13T13:00:00+00:00","Harris' campaign is transforming big crowds into volunteers on the ground in key swing states"
"https://www.newsmax.com/siddinerstein/gaza-humanitarian-unwra/2024/08/13/id/1176373/","2024-08-13T19:29:56+00:00","Biden, Harris Forget Hostages - Effectively Ask Israel's Surrender"
"https://finance.yahoo.com/news/crypto-insiders-courting-vice-president-120000315.html","2024-08-13T13:37:30+00:00","Crypto Insiders Courting Vice President Harris Chase Whispers of Her Openness"
"https://time.com/7010315/donald-trump-elon-musk-x-spaces-interview-takeaways/","2024-08-13T02:05:00+00:00","Trump and Musk Talk on X: Takeaways"
"https://www.newsweek.com/jack-smith-should-move-now-make-trump-give-passport-ex-prosecutor-1938818","2024-08-13T22:19:10+00:00","Jack Smith should move now to make Trump give up passport: Ex-prosecutor"
"https://www.cbsnews.com/philadelphia/news/trump-wilkes-barre-rally-pennsylvania/","2024-08-13T01:19:27+00:00","Trump to hold rally in Wilkes-Barre, Pennsylvania, at Mohegan Sun Arena at Casey Plaza"
"https://www.cleveland.com/politics/2024/08/vance-makes-unlikely-debate-dare-attacks-on-harris-deemed-silly-false-claims-jd-vance-in-the-news.html","2024-08-13T17:56:18.924000+00:00","Vance makes unlikely debate dare; attacks on Harris deemed ‘silly false claims’: JD Vance in the news"
"https://www.yahoo.com/news/harris-campaign-adds-top-adviser-120040384.html","2024-08-13T12:00:40+00:00","Harris' campaign adds top adviser to lead outreach to Muslim and Arab voters"
"https://www.thedailybeast.com/the-most-outrageous-conspiracy-theories-of-the-2024-election-yet","2024-08-13T17:51:09.031000+00:00","The Most Outrageous Conspiracy Theories of the Election Yet"
"https://www.thesun.co.uk/news/29852798/donald-trump-lisp-speech-expert-reveals-relaxed-tick-musk/","2024-08-13T14:08:01+00:00","Speech expert claims 'relaxed' Trump let 'lisp' vocal tick slip in Musk chat"
"https://www.washingtonexaminer.com/news/campaigns/3119471/wake-up-washington-examiner-child-tax-credit-crunch-waiting-harris-knife-biden-why-smith-stalling/","2024-08-13T12:32:07+00:00","Wake up with the Washington Examiner: Child tax credit crunch, waiting for Harris to knife Biden, and why Smith is stalling"
"https://www.dailywire.com/news/musks-trump-interview-discussion-generates-1-billion-views-x-says","2024-08-13T13:37:54+00:00","Musk’s Trump Interview, Discussion Generates 1 Billion Views, X Says"
"https://www.yahoo.com/news/exclusive-harris-detail-plans-cut-130135991.html","2024-08-13T13:01:35+00:00","Exclusive-Harris to detail plans to cut costs in key policy speech in North Carolina"
"https://thehill.com/homenews/ap/ap-politics/ap-fbi-says-it-is-investigating-after-trump-campaign-said-sensitive-documents-were-hacked-by-iran/","2024-08-13T01:51:04+00:00","FBI says it is investigating after Trump campaign said sensitive documents were hacked by Iran"
"https://townhall.com/tipsheet/mattvespa/2024/08/13/is-this-cbs-news-reporter-serious-about-this-claim-about-donald-trump-n2643323","2024-08-13T16:30:00+00:00","CBS News Reporter's Take on Kamala Stealing Trump's 'No Tax on Tips' Policy Is Beyond Laughable"
"https://www.nydailynews.com/2024/08/13/nyc-mayor-adams-heading-to-dnc-to-talk-immigration-an-issue-where-harris-is-seen-as-vulnerable/","2024-08-13T21:06:32+00:00","NYC Mayor Adams heading to DNC to talk immigration – an issue where Harris is seen as vulnerable"
"https://www.bostonglobe.com/2024/08/12/nation/fbi-trump-iran-hack-campaign/","2024-08-13T02:08:26.526000+00:00","FBI says it is investigating after Trump campaign said sensitive documents were hacked by Iran"
"https://www.theguardian.com/culture/article/2024/aug/13/jon-stewart-trump-biden-late-night-tv","2024-08-13T15:23:39+00:00","Jon Stewart on Trump post-Biden: ‘Like seeing an old man talking to an empty spot on the bench’"
"https://www.foxnews.com/politics/trump-musk-interview-5-biggest-takeaways-from-2024-presidential-election-us-border-crisis","2024-08-13T12:06:34+00:00","Trump-Musk interview: 5 biggest takeaways from the 2024 presidential election to the US border crisis"
"https://www.politico.com/newsletters/politico-nightly/2024/08/13/harris-reset-the-presidential-race-new-polls-show-how-00173899","2024-08-13T23:00:00+00:00","Harris reset the presidential race. New polls show how."
"https://www.nytimes.com/2024/08/13/opinion/harris-trump-biden-polls.html","2024-08-13T09:03:14+00:00","What the Polls Say About Harris Erasing Trump’s Lead on the Economy"
"https://www.washingtonexaminer.com/opinion/3120135/elon-musk-trump-break-internet-is-it-enough/","2024-08-13T19:58:41+00:00","Elon Musk and Trump break the internet, but is it enough?"
"https://www.vanityfair.com/news/story/trump-harris-biden-2016-2024-election","2024-08-13T17:57:44.158000+00:00","Have We Learned Anything Since 2016?"
"https://www.independent.co.uk/voices/donald-trump-elon-musk-interview-lisp-b2595612.html","2024-08-13T12:47:02+00:00","How poking fun at Donald Trump’s lisp could backfire"
"https://www.dailywire.com/news/trump-musk-x-interview-what-to-know-if-you-missed-it","2024-08-13T14:57:25+00:00","Trump-Musk X Interview: What To Know If You Missed It"
"https://www.usnews.com/news/world/articles/2024-08-13/exclusive-harris-to-detail-plans-to-cut-costs-in-key-policy-speech-in-north-carolina","2024-08-13T09:01:00-04:00","Harris to Target Price Gouging in First Policy Speech in North Carolina"
"https://www.breitbart.com/news/harris-running-mate-walz-makes-solo-debut-with-union-speech/","2024-08-13T22:34:58+00:00","Harris running mate Walz makes solo debut with union speech"
"https://www.dailywire.com/news/deep-trouble-if-it-goes-the-other-way-musk-who-supported-obama-urges-other-moderates-to-vote-trump","2024-08-13T14:07:20+00:00","‘Deep Trouble If It Goes The Other Way’: Musk, Who Supported Obama, Urges Other Moderates To Vote Trump"
"https://www.scmp.com/opinion/hong-kong-opinion/article/3274327/tim-walz-will-be-hawk-hong-kong-and-mainland-china","2024-08-13T13:00:12+00:00","Tim Walz will be a hawk on Hong Kong and mainland China"
"https://www.bloomberg.com/news/articles/2024-08-13/campaign-hacks-blamed-on-iran-draw-fbi-investigation-of-election-interference?utm_source%5C%5Cu003dgoogle%5C%5Cu0026utm_medium%5C%5Cu003dbd%5C%5Cu0026cmpId%5C%5Cu003dgoogle=","2024-08-13T22:10:59.827000+00:00","Campaign Hacks Blamed on Iran Draw FBI Investigation of Election Interference Risks"
"https://www.independent.co.uk/news/world/americas/us-politics/trump-musk-interview-analysis-voice-b2595392.html","2024-08-13T02:59:17+00:00","Trump wanted Elon Musk to give him a reset — he didn’t get one"
"https://nymag.com/intelligencer/article/trump-media-trade-djt-stock-truth-social.html","2024-08-13T17:12:21.915000+00:00","Traders Are Having a Hard Time Staying Bullish on Trump Media"
"https://dailycaller.com/2024/08/13/mary-rooke-kamala-harris-donald-trump-polls-momentum-vote/","2024-08-13T21:33:54+00:00","ROOKE: Regime Media Forced To Give Viewers Reality Check About Kamala’s Momentum"
"https://www.yahoo.com/news/rachel-maddow-pair-unhinged-gop-205223693.html","2024-08-13T20:52:23+00:00","Rachel Maddow: How a pair of unhinged GOP candidates could help Democrats flip North Carolina in November"
"https://www.foxnews.com/us/harris-responds-after-trumps-interview-elon-musk-more-top-headlines","2024-08-13T10:49:38+00:00","Harris responds after Trump's interview with Elon Musk and more top headlines"
"https://www.usatoday.com/story/news/politics/elections/2024/08/13/harris-speech-cost-of-living/74779503007/","2024-08-13T13:44:21+00:00","Harris will reveal plans to cut costs in key policy speech in North Carolina"
"https://www.yahoo.com/news/rambling-trump-musk-interview-marred-100249296.html","2024-08-13T10:02:49+00:00","Rambling Trump, Musk interview marred by tech issues"
"https://www.rawstory.com/tomi-lahren-january-6/","2024-08-13T19:11:23+00:00","'He's still lying!' Ex-GOP operative flattens Tomi Lahren's attempt to whitewash Jan. 6"
"https://www.newsweek.com/scott-baio-eu-elon-musk-spaces-trump-1938555","2024-08-13T16:54:05+00:00","Scott Baio's ""election interference"" remark goes viral"
"https://www.thedailybeast.com/jon-stewart-breaks-bad-news-to-trump-bidens-not-coming-back","2024-08-13T04:45:28.815000+00:00","Jon Stewart Breaks Bad News to Trump: ‘Biden’s Not Coming Back’"
"https://www.yahoo.com/news/roger-stone-says-email-accounts-195059156.html","2024-08-13T20:52:23+00:00","Roger Stone says his email accounts were how the hackers got into the Trump campaign"
"https://finance.yahoo.com/news/musk-trump-conversation-x-begins-005204444.html","2024-08-13T00:52:04+00:00","Musk, Trump Conversation on X Begins After Lengthy Delay"
"https://www.politico.com/newsletters/playbook-pm/2024/08/13/could-harris-momentum-put-florida-in-play-00132333","2024-08-13T17:04:50+00:00","Playbook PM: Could Harris' momentum put Florida in play?"
"https://www.forbes.com/sites/siladityaray/2024/08/13/x-ai-bot-grok-pushes-unsubstantiated-claims-about-trump-missing-dentures-during-his-interview-with-elon-musk/","2024-08-13T12:11:44+00:00","X AI Bot ‘Grok’ Pushes Unsubstantiated Claims About Trump Missing ‘Dentures’ During His Interview With Elon Musk"
"https://thehill.com/homenews/ap/ap-politics/ap-a-conservative-gathering-provides-a-safe-space-for-republicans-who-arent-on-board-with-trump/mlite/","2024-08-13T18:05:45+00:00","A conservative gathering provides a safe space for Republicans who aren’t on board with Trump"
"https://finance.yahoo.com/news/9-reasons-social-security-check-191608835.html","2024-08-13T19:16:08+00:00","9 Reasons Your Social Security Check Could Get Smaller in 2025"
"https://www.cnn.com/2024/08/13/politics/trump-on-message-conspiracies/index.html","2024-08-13T23:00:02.306000+00:00","As Trump flails and invites conspiracies, allies plea for him to stay on message"
"https://www.washingtonexaminer.com/news/campaigns/presidential/3119486/harris-pivots-economy-combat-light-substance-complaint/","2024-08-13T17:42:13+00:00","- Washington Examiner"
"https://www.breitbart.com/politics/2024/08/13/fact-check-trump-says-more-died-of-covid-under-biden/","2024-08-13T12:50:47+00:00","Trump Says More Died of COVID Under Biden"
"https://www.yahoo.com/news/crowd-photos-harris-walz-rally-184255139.html","2024-08-13T18:42:55+00:00","Crowd Photos at a Harris-Walz Rally Were Not Generated by AI"
"https://www.usnews.com/news/u-s-news-decision-points/articles/2024-08-13/iran-emerges-as-an-x-factor-in-the-2024-election","2024-08-13T13:48:00-04:00","Iran Emerges as an X Factor in the 2024 Election"
"https://patch.com/michigan/detroit/detroits-uaw-files-labor-complaint-against-trump-musk","2024-08-13T17:40:07+00:00","Detroit's UAW Files Labor Complaint Against Trump, Musk"
"https://www.independent.co.uk/news/world/americas/us-politics/trump-elon-musk-interview-x-stream-lisp-b2595384.html","2024-08-13T01:12:01+00:00","Trump and Musk interview underway - with lisp raising questions"
"https://www.cnn.com/2024/08/13/politics/fact-check-trump-musk-20-false-claims/index.html","2024-08-13T04:57:51.045000+00:00","Trump made at least 20 false claims in his conversation with Elon Musk"
"https://www.ksl.com/article/51098415/trump-and-musk-talk-about-assassination-attempt-and-deportations-during-glitchy-chat-on-x","2024-08-13T14:09:42+00:00","Trump and Musk talk about assassination attempt and deportations during glitchy chat on X"
"https://thehill.com/business/4825606-uaw-files-charges-trump-musk/","2024-08-13T15:20:25+00:00","UAW files labor charges against Trump and Musk, alleging worker intimidation"
"https://www.cnbc.com/2024/08/13/tim-walz-kamala-harris-minnesota-business.html","2024-08-13T22:01:43+00:00","Inside the tax battles Tim Walz fought — and won — in Minnesota"
"https://www.forbes.com/sites/tonyaevans/2024/08/13/swing-state-pro-crypto-voters-seek-proof-of-pivot-from-harris-campaign/","2024-08-13T16:35:33+00:00","Swing State Pro-Crypto Voters Seek Proof Of Pivot From Harris Campaign"
"https://www.theguardian.com/us-news/article/2024/aug/13/tim-walz-kamala-harris-vp-china-us-election-donald-trump","2024-08-13T03:14:53+00:00","‘Always remember’: how Tim Walz’s time in China shaped him"
"https://www.zerohedge.com/political/harris-campaign-busted-spoofing-news-outlets-headline-altering-ad-scheme","2024-08-13T20:40:00+00:00","Harris Campaign Busted Spoofing News Outlets In Headline-Altering Ad Scheme"
"https://www.yahoo.com/news/donald-trump-elon-musk-interview-on-x-delayed-due-to-technical-difficulties-with-spaces-why-trumps-campaign-is-pushing-him-to-do-more-social-media-004555614.html","2024-08-13T00:54:34+00:00","Donald Trump, Elon Musk interview on X delayed due to technical difficulties with Spaces. Why Trump’s campaign is pushing him to do more social media"
"https://www.nbcnews.com/politics/2024-election/harris-campaign-adds-top-adviser-lead-outreach-muslim-arab-voters-rcna166318","2024-08-13T10:00:00+00:00","Harris' campaign adds top adviser to lead outreach to Muslim and Arab voters"
"https://time.com/7010321/fbi-trump-campaign-iran-hack/","2024-08-13T02:15:00+00:00","FBI Looks Into Alleged Iran Hacking of Trump Campaign Documents"
"https://www.aljazeera.com/news/2024/8/13/cyberattack-inflation-immigration-top-takeaways-from-trump-musk-chat?traffic_source=rss","2024-08-13T12:25:45+00:00","Cyberattack, inflation, immigration: Six takeaways from Trump-Musk chat"
"https://www.yahoo.com/news/technical-delays-trump-talks-immigration-043456610.html","2024-08-13T04:34:56+00:00","After technical delays, Trump talks immigration and tech policy with Musk"
"https://time.com/7010537/trump-musk-harris-time-cover/","2024-08-13T17:39:03+00:00","Musk Chat Takeaway: Trump Is Panicking"
"https://www.yahoo.com/news/trump-v-harris-live-tim-074603269.html?fr%5C%5Cu003dsycsrp_catchall=","2024-08-13T01:27:32+00:00","Trump and Musk interview delayed as X users are unable to watch after ‘attack’: Live updates"
"https://dailycaller.com/2024/08/13/fox-friends-co-hosts-voters-kamala-harris-progressive-record/","2024-08-13T14:47:27+00:00","‘Fox & Friends’ Co-Hosts Implore Voters To ‘Wake Up’ And See Reality Of Harris’ Left-Wing Record"
"https://www.zerohedge.com/political/rabobank-questions-swirl-what-economic-program-harris-administration-might-look","2024-08-13T14:40:00+00:00","Rabobank: Questions Swirl What The Economic Program Of A Harris Administration Might Look Like"
"https://www.msnbc.com/opinion/msnbc-opinion/trump-campaign-race-against-kamala-harris-biggest-opponent-rcna166373","2024-08-13T17:50:47+00:00","I’m a Republican strategist. Here’s how Trump is tanking his own campaign."
"https://www.dailymail.co.uk/news/article-13740141/Republicans-Trump-fear-breakdown-lose-election-ANDREW-NEIL.html","2024-08-13T19:57:25+00:00","Republicans fear Trump is at risk of a breakdown"
"https://www.washingtonexaminer.com/news/campaigns/presidential/3119177/republicans-turn-panic-about-their-nominee-polls/","2024-08-13T11:00:00+00:00","It’s Republicans’ turn to panic about their nominee and the polls"
"https://www.msnbc.com/opinion/msnbc-opinion/rfk-jr-trump-harris-third-party-election-rogan-rcna166263","2024-08-13T10:00:00+00:00","Why Trump should be worried about RFK Jr. even as he flounders"
"https://thehill.com/homenews/campaign/4824309-kamala-harris-campaign-obama-comparisons/","2024-08-13T10:00:00+00:00","Harris energy evokes Obama campaign for Democrats"
"https://www.washingtonexaminer.com/news/campaigns/presidential/3120346/vance-press-prove-mettle-trump/","2024-08-13T21:32:23+00:00","Vance gets in front of press to prove mettle to Trump"
"https://nypost.com/2024/08/13/us-news/fbi-launches-investigation-after-trump-campaign-said-sensitive-documents-were-hacked-by-iran/","2024-08-13T10:44:15+00:00","FBI launches investigation after Trump campaign said sensitive documents were hacked by Iran"
"https://www.yahoo.com/news/ayanna-pressley-stay-woke-project-130000242.html","2024-08-13T13:00:00+00:00","Ayanna Pressley: ‘Stay Woke’ About Project 2025’s Weaponization of the DOJ"
"https://www.newsweek.com/roger-stones-personal-email-accounts-were-target-trump-hack-reports-1938300","2024-08-13T02:30:59+00:00","Roger Stone's personal email accounts were target of Trump hack: Reports"
"https://www.bbc.com/news/articles/c1k3mwy1ww3o","2024-08-13T03:15:54.635000+00:00","Tech problems mar launch of Trump-Musk interview"
"https://www.washingtonexaminer.com/restoring-america/patriotism-unity/3118542/secular-liberal-establishment-strikes-back/","2024-08-13T10:00:00+00:00","The secular liberal establishment strikes back"
"https://www.bbc.co.uk/news/articles/c1k3mwy1ww3o","2024-08-13T03:15:54.635000+00:00","Tech problems mar launch of Trump-Musk interview"
"https://www.independent.co.uk/news/world/americas/us-politics/barron-trump-harris-bo-loudon-gen-z-b2595620.html","2024-08-13T13:42:10+00:00","Trump turns to Barron and his influencer best friend to rival Harris’s Gen Z appeal"
"https://www.nbcnews.com/politics/2024-election/harris-campaign-transforming-big-crowds-volunteers-ground-key-swing-st-rcna166329","2024-08-13T11:00:00+00:00","Harris' campaign is transforming big crowds into volunteers on the ground in key swing states"
"https://www.newsweek.com/megadonors-are-already-destabilizing-2024-presidential-election-opinion-1935931","2024-08-13T19:47:30+00:00","Megadonors Are Destabilizing the 2024 Presidential Election"
"https://www.washingtonexaminer.com/news/campaigns/presidential/3119165/republican-reckoning-emotional-whiplash-rnc/","2024-08-13T19:29:59+00:00","RNC delegates grapple with 'emotional whiplash' of 2024 race"
"https://www.foxnews.com/politics/musk-boasts-1-billion-views-no-limits-x-interview-trump","2024-08-13T15:34:43+00:00","Musk boasts of 1B views for 'no limits' X interview with Trump"
"https://www.axios.com/2024/08/13/harris-campaign-google-poltical-ads-news-publishers","2024-08-13T17:39:12+00:00","Harris-sponsored Google ads suggest publishers are on her side"
"https://www.washingtonexaminer.com/news/campaigns/presidential/3119736/kellyanne-conway-presses-trump-fewer-insults-bid-winning-formula/","2024-08-13T16:45:06+00:00","Kellyanne Conway presses Trump for ‘fewer insults’ in bid for ‘winning formula’"
"https://www.westernjournal.com/fbi-officially-gets-involved-trump-campaign-breached-foreign-operatives/","2024-08-13T15:15:03+00:00","FBI Officially Gets Involved After Trump Campaign Is Breached by Foreign Operatives"
"https://www.axios.com/local/washington-dc/2024/08/13/presidential-election-vacation-dc","2024-08-13T10:20:00+00:00","Some DMV locals are escaping town during the election"
"https://www.breitbart.com/news/what-we-know-about-suspected-iranian-cyber-intrusion-in-the-us-presidential-race/","2024-08-13T20:04:59+00:00","What we know about suspected Iranian cyber intrusion in the US presidential race"
"https://www.reuters.com/world/us/elon-musk-interview-trump-x-social-media-network-2024-08-12/?utm_source%5C%5Cu003dnewsshowcase%5C%5Cu0026utm_medium%5C%5Cu003dgnews%5C%5Cu0026utm_campaign%5C%5Cu003dCDAqDQgAKgYICjC3oAwwsCYwoNyUAw%5C%5Cu0026utm_content%5C%5Cu003drundown%5C%5Cu0026gaa_at%5C%5Cu003dg%5C%5Cu0026gaa_n%5C%5Cu003dAWsEHT6wn79cmCxeoRYjzwzUKI0WtzSlkkRahDi5HmULZiBjR7bl9gQtTpAB_xTAGu7QckzWciCQag%3D%3D%5C%5Cu0026gaa_ts%5C%5Cu003d66ba1bb8%5C%5Cu0026gaa_sig%5C%5Cu003dKpefEKNha-Rji7Rd9UnY5tRlNGoCAMgTvZukyl_-5xg8qUF0woH5RT00IzXWdEctzJXAJbxVHjD5UHa4nbclhg%3D%3D=","2024-08-13T14:12:31+00:00","Rambling Trump, Musk interview marred by tech issues"
"https://www.seattletimes.com/nation-world/nation/what-we-know-about-suspected-iranian-cyber-intrusion-in-the-us-presidential-race/","2024-08-13T19:50:18+00:00","What we know about suspected Iranian cyber intrusion in the US presidential race"
"https://abcnews.go.com/Technology/wireStory/suspected-iranian-cyber-intrusion-us-presidential-race-112812409","2024-08-13T19:49:16+00:00","What we know about suspected Iranian cyber intrusion in the US presidential race"
"https://www.yahoo.com/news/trump-musk-interview-underway-tech-010643485.html","2024-08-13T01:06:43+00:00","Trump and Musk interview underway after tech delay - with the former president’s lisp raising questions"
"https://www.yahoo.com/news/conservative-gathering-provides-safe-space-041243843.html","2024-08-13T04:12:43+00:00","A conservative gathering provides a safe space for Republicans who aren't on board with Trump"
"https://www.startribune.com/us-rep-ilhan-omar-and-don-samuels-square-off-in-dfl-primary-election-rematch/601096506","2024-08-13T10:00:00+00:00","U.S. Rep. Ilhan Omar and Don Samuels square off in DFL primary election rematch"
"https://www.independent.co.uk/news/world/americas/us-politics/tim-walz-speech-workers-union-harris-campaign-b2595891.html","2024-08-13T20:42:07+00:00","Walz asks crowd to picture Trump making a McFlurry in first solo speech"
"https://www.bloomberg.com/news/articles/2024-08-13/swing-states-why-a-few-battlegrounds-decide-presidential-elections?srnd%5C%5Cu003dhomepage-europe=","2024-08-13T10:00:00.004000+00:00","A Brief History of Swing States in Presidential Races"
"https://www.newsweek.com/elon-musk-old-tweet-criticizing-trump-1938636","2024-08-13T16:44:38+00:00","Elon Musk Tweet Saying Trump Shouldn't Run for President in 2024 Resurfaces"
"https://www.cleveland.com/news/2024/08/why-trumps-and-harris-proposals-to-end-federal-taxes-on-tips-would-be-difficult-to-enact.html","2024-08-13T11:16:04.093000+00:00","Why Trump's and Harris' proposals to end federal taxes on tips would be difficult to enact"
"https://finance.yahoo.com/news/trump-wants-eliminate-social-security-170005203.html","2024-08-13T17:00:05+00:00","Trump Wants To Eliminate Social Security Tax for Seniors: What That Would Mean for Your Wallet and the Economy"
"https://www.bostonglobe.com/2024/08/13/nation/iranian-cyber-intrusion-presidential-race-what-we-know/","2024-08-13T20:16:27.030000+00:00","What we know about suspected Iranian cyber intrusion in the US presidential race"
"https://www.yahoo.com/news/rising-concerns-age-well-being-142254396.html","2024-08-13T14:22:54+00:00","""Rising concerns about his age and well-being"": Trump lisps through disastrous livestream with Musk"
"https://www.washingtonexaminer.com/news/world/3120028/eu-commissioner-letter-musk-trump-interview-without-permission/","2024-08-13T18:30:37+00:00","EU commissioner sent letter to Musk about Trump interview without permission"
"https://www.yahoo.com/news/jd-vance-coming-kansas-city-145551398.html","2024-08-13T14:55:51+00:00","JD Vance coming to Kansas City area for high-dollar fundraiser to help pro-Trump efforts"
"https://thehill.com/homenews/ap/ap-u-s-news/ap-what-we-know-about-suspected-iranian-cyber-intrusion-in-the-us-presidential-race/","2024-08-13T19:49:17+00:00","What we know about suspected Iranian cyber intrusion in the US presidential race"
"https://www.cbsnews.com/philadelphia/news/philadelphia-pennsylvania-young-voters-trump-harris/","2024-08-13T22:00:30+00:00","Young voters in Philadelphia area gear up for presidential election after a busy month on the campaign trail"
"https://www.theguardian.com/technology/article/2024/aug/13/musk-trump-interview-x-social-media","2024-08-13T16:18:58+00:00","‘Off-the-scale ignorance’: how Musk-Trump interview on X played out on social media"
"https://www.theguardian.com/technology/article/2024/aug/13/musk-trump-interview-x-social-media","2024-08-13T16:45:42+00:00","‘Off-the-scale ignorance’: how Musk-Trump interview on X played out on social media"
"https://www.theguardian.com/us-news/article/2024/aug/13/free-school-meals-election","2024-08-13T13:57:16+00:00","Free meals v hungry children: is this the school lunch election?"
"https://www.cbsnews.com/chicago/news/lori-lightfoot-dnc-interview/","2024-08-13T03:30:39+00:00","Fmr. Chicago Mayor Lori Lightfoot talks city's bid to host DNC, what Democrats need to win election"
"https://www.scmp.com/news/china/diplomacy/article/3274350/china-trump-amuses-hes-still-not-point-bigger-picture","2024-08-13T11:21:49+00:00","In China, Trump amuses but he’s still not the point in the bigger picture"
"https://www.aljazeera.com/news/2024/8/13/trump-returns-to-x-with-two-hour-elon-musk-chat-hit-by-technical-glitch","2024-08-13T03:15:51+00:00","Trump returns to X with two-hour Elon Musk chat hit by technical glitch"
"http://www.sfchronicle.com/politics/joegarofoli/article/trump-musk-x-has-not-changed-19654587.php","2024-08-13T21:47:56+00:00","Trump-Musk cuddlefest reveals one thing: The former president hasn’t changed a bit"
"https://www.dailykos.com/stories/2024/8/13/2262698/-Media-kept-Trump-s-hack-under-wraps-but-couldn-t-get-enough-of-Clinton-s-emails?pm_campaign%5C%5Cu003dblog%5C%5Cu0026pm_medium%5C%5Cu003drss%5C%5Cu0026pm_source%5C%5Cu003dmain=","2024-08-13T17:02:16+00:00","Media kept Trump's hack under wraps, but couldn't get enough of Clinton's emails"
"https://finance.yahoo.com/news/know-suspected-iranian-cyber-intrusion-194916453.html","2024-08-13T19:49:16+00:00","What we know about suspected Iranian cyber intrusion in the US presidential race"
"https://www.scmp.com/news/world/united-states-canada/article/3274257/donald-trump-recalls-assassination-attempt-chat-elon-musk-x","2024-08-13T03:12:52+00:00","Trump recounts rally shooting in chat with Musk, calls ‘him greatest cutter’"
"https://www.foxnews.com/politics/harris-campaign-dropped-ball-one-basic-task-walz-rollout-dem-gop-strategists-agree","2024-08-13T17:13:11+00:00","Harris campaign dropped ball on one basic task with Walz rollout, Dem and GOP strategists agree"
"https://www.yahoo.com/news/not-fast-furious-nations-measured-100602261.html","2024-08-13T10:06:02+00:00","Not fast or furious: nations take measured reaction to Venezuela election"
"https://www.msnbc.com/the-reidout/reidout-blog/roger-stone-email-hack-trump-campaign-rcna166422","2024-08-13T19:29:13+00:00","Roger Stone says his email accounts were how the hackers got into the Trump campaign"
"https://www.washingtonpost.com/podcasts/the-campaign-moment/harriss-expanding-path-to-victory/","2024-08-13T21:30:09+00:00","Harris's expanding path to victory"
"https://www.washingtonpost.com/politics/2024/08/13/trump-harris-erickson-republican-support/68cad1c2-592a-11ef-93a9-023ab69f91f5_story.html","2024-08-13T04:13:35+00:00","A conservative gathering provides a safe space for Republicans who aren't on board with Trump"
"https://www.dailykos.com/stories/2024/8/13/2262876/-The-Psychology-of-Losing?utm_campaign%5C%5Cu003drecent=","2024-08-13T17:25:36+00:00","The Psychology of Losing"
"https://www.vox.com/politics/366843/trump-elon-musk-interview-election","2024-08-13T23:25:00+00:00","The biggest moments from Elon Musk’s interview with Trump"
"https://www.newsweek.com/jd-vance-approval-rating-poll-boomers-trump-1938381","2024-08-13T10:17:35+00:00","JD Vance's approval rating is worst among Boomers"
"https://www.msnbc.com/rachel-maddow-show/maddowblog/north-carolina-republicans-candidates-robinson-morrow-rcna166440","2024-08-13T20:38:57+00:00","Rachel Maddow: How a pair of unhinged GOP candidates could help Democrats flip North Carolina in November"
"https://www.cnbc.com/2024/08/13/what-does-trump-say-about-zelenskyy-in-x-interview.html","2024-08-13T10:39:43+00:00","From 'the greatest salesman' to 'very honorable': Trump changes tack on Ukraine's president"
"https://www.nbcnews.com/news/ukraine-seize-russian-land-los-angeles-olympics-morning-rundown-rcna166338","2024-08-13T11:05:13+00:00","Allies want Trump to get on message and long Covid test proves elusive: Morning Rundown"
"https://www.dallasnews.com/news/2024/08/13/trump-and-musk-talk-about-assassination-attempt-and-deportations-during-glitchy-chat-on-x/","2024-08-13T14:37:39.261000+00:00","Trump and Musk talk about assassination attempt and deportations during glitchy chat on X"
"https://www.seattletimes.com/nation-world/nation/a-conservative-gathering-provides-a-safe-space-for-republicans-who-arent-on-board-with-trump/","2024-08-13T04:13:06+00:00","A conservative gathering provides a safe space for Republicans who aren’t on board with Trump"
"https://www.bostonglobe.com/2024/08/13/nation/conservative-gathering-provides-safe-space-republicans-who-arent-board-with-trump/","2024-08-13T05:17:43.056000+00:00","A conservative gathering provides a safe space for Republicans who aren’t on board with Trump"
"https://www.usnews.com/news/us/articles/2024-08-13/a-conservative-gathering-provides-a-safe-space-for-republicans-who-arent-on-board-with-trump","2024-08-13T00:12:00-04:00","A Conservative Gathering Provides a Safe Space for Republicans Who Aren't on Board With Trump"
"https://abcnews.go.com/US/wireStory/conservative-gathering-safe-space-republicans-board-trump-112794902","2024-08-13T04:12:43+00:00","A conservative gathering provides a safe space for Republicans who aren't on board with Trump"
"https://www.theguardian.com/us-news/article/2024/aug/13/central-park-five-dnc","2024-08-13T18:14:57+00:00","Yusef Salaam, wrongly jailed as one of Central Park Five, invited to Democratic convention – report"
"https://www.dailykos.com/stories/2024/8/13/2262774/-Abbreviated-Pundit-Roundup-Lies-and-more-lies?utm_campaign%5C%5Cu003drecent=","2024-08-13T11:00:07+00:00","Abbreviated Pundit Roundup: Lies and more lies"
"https://www.theguardian.com/us-news/article/2024/aug/13/sara-tindall-ghazal-georgia-state-election-board","2024-08-13T10:00:10+00:00","Lone Democrat on Georgia state board defends elections amid new rules"
"https://www.rawstory.com/shermichael-singleton/","2024-08-13T14:59:47+00:00","'Holy smoke!' GOP strategist reveals controversial ballot bid has party in panic"
"https://www.dailykos.com/stories/2024/8/13/2258972/-Reproductive-Freedom-amendments-changing-campaign-plans-as-Harris-Walz-step-up-their-efforts-to-Win?utm_campaign%5C%5Cu003drecent=","2024-08-13T16:52:40+00:00","Reproductive Freedom amendments changing campaign plans as Harris/Walz step up their efforts to Win"
"https://www.thegatewaypundit.com/2024/08/trump-musk-break-internet-72-million-views-x/","2024-08-13T12:30:13+00:00","Trump and Musk BREAK THE INTERNET — 72 Million Views on X as Interview Ended, Despite Late Start Due to DDOS Attack... And 156 Million Views by Morning!"
"https://www.nytimes.com/live/2024/08/07/opinion/thepoint/krugman-inflation-bacon-trump","2024-08-13T14:18:20+00:00","Inflation: Put a Pork in It"
"http://www.sfchronicle.com/news/politics/article/a-conservative-gathering-provides-a-safe-space-19653220.php","2024-08-13T04:18:10+00:00","A conservative gathering provides a safe space for Republicans who aren't on board with Trump"
"https://www.dailykos.com/stories/2024/8/13/2262822/-The-latest-media-disaster-A-candidate-chatting-with-one-of-his-billionaire-backers-is-not-news","2024-08-13T14:21:54+00:00","The latest media disaster: A candidate chatting with one of his billionaire backers is not news"
"https://www.theguardian.com/us-news/article/2024/aug/13/elon-musk-donald-trump-x-interview-delay","2024-08-13T05:09:54+00:00","The Musk-Trump X interview: a surprisingly dull meeting of two planet-sized egos"
"https://www.thegatewaypundit.com/2024/08/wayne-root-lie-deny-hide-kamala-cheat-like/","2024-08-13T20:00:25+00:00","WAYNE ROOT: “Lie, Deny, Hide Kamala and Cheat Like Crazy.” The Democrat Plan is Simple, Brilliant, Ruthless, Evil and Pure Fraud. But Can They Pull It Off?"
"https://finance.yahoo.com/news/m-financial-advisor-3-reasons-160019527.html","2024-08-13T16:00:19+00:00","I’m a Financial Advisor: 3 Reasons My Retired Clients Are Concerned About a Trump 2024 Win"
"https://www.theguardian.com/us-news/article/2024/aug/13/roger-stone-email-hack-iran-trump","2024-08-13T14:30:51+00:00","Roger Stone’s email account breached by alleged Iranian hackers"
"https://www.foxnews.com/politics/walz-makes-first-solo-campaign-stop-speech-influential-union","2024-08-13T20:17:07+00:00","Walz makes first solo campaign stop in speech to influential union"
"https://www.washingtonexaminer.com/news/campaigns/presidential/3119811/winsome-sears-upset-walz-combat-claim/","2024-08-13T17:14:58+00:00","Winsome Sears deeply ‘upset’ over Walz combat claim: ‘You never were in war’"
"https://www.foxnews.com/media/federal-government-hastily-processing-new-citizenship-requests-reshaping-electorate-report","2024-08-13T23:00:39+00:00","Federal government hastily processing new citizenship requests is 'reshaping the electorate:' report"
"https://www.chicagotribune.com/2024/08/13/immigrants-us-citizenship-backlog/","2024-08-13T19:40:06+00:00","Immigrants are becoming US citizens at fastest clip in years"
"https://www.newsmax.com/newsfront/joe-biden-citizenship-immigration/2024/08/13/id/1176366/","2024-08-13T18:33:41+00:00","Government Buried in US Citizenship Applications"
"https://www.cbsnews.com/pittsburgh/news/jd-vance-visiting-new-kensington-pennsylvania/","2024-08-13T17:18:02+00:00","JD Vance to campaign in New Kensington"
"https://www.dailywire.com/news/arizona-will-vote-on-adding-abortion-protections-to-state-constitution-in-november","2024-08-13T18:22:34+00:00","Arizona Will Vote On Adding Abortion Protections To State Constitution In November"
"https://www.reuters.com/world/us/biden-supports-cutting-taxes-tips-white-house-says-2024-08-12/","2024-08-13T02:36:05+00:00","Biden supports cutting taxes on tips, White House says"
"https://www.newsmax.com/newsmax-tv/inflation-bidenflation-american/2024/08/13/id/1176324/","2024-08-13T14:47:07+00:00","Mike Huckabee to Newsmax: 'Inflation Has Gut Punched Average American Family'"
"https://www.nytimes.com/2024/08/13/business/nneka-ogwumike-more-than-a-vote.html","2024-08-13T14:00:09+00:00","W.N.B.A. Star Takes Over Voting Organization Started by LeBron James"
"https://www.rt.com/news/602520-trump-musk-big-interview/","2024-08-13T00:02:55+00:00","Trump’s interview with Elon Musk targeted by ‘massive DDoS attack’: LIVE UPDATES"
"https://www.washingtonpost.com/opinions/2024/08/13/letters-trump-black-journalists-harris-dei/","2024-08-13T21:29:18.665000+00:00","It’s getting hard to keep up with Trump’s absurdities"
"https://apnews.com/article/walz-swiftboating-kerry-trump-harris-national-guard-293e178ca9fe079e879787ee2269899e","2024-08-13T11:00:00+00:00","Will the attacks on Walz's military service stick like they did to Kerry 20 years ago?"
"https://www.cbsnews.com/philadelphia/news/voters-of-color-2024-election-pennsylvania/","2024-08-13T20:59:00+00:00","Voters of Color will play a crucial role in who wins the White House. Voters in Philadelphia speak out."
"https://www.aljazeera.com/economy/2024/8/13/the-right-wing-lurch-of-x-under-elon-musk","2024-08-13T20:20:22+00:00","The right-wing lurch of X under Elon Musk"
"https://www.forbes.com/sites/saradorn/2024/08/13/what-to-know-about-the-democratic-national-convention-obama-clintons-biden-will-speak/","2024-08-13T15:33:52+00:00","What To Know About The Democratic National Convention: Obama, Clintons, Biden Will Speak"
"https://nypost.com/2024/08/13/opinion/hit-the-road-don-campaign-like-its-2016-again/","2024-08-13T21:05:51+00:00","Hit the road, Don: ramp up the rallies and campaign like it’s 2016"
"https://www.independent.co.uk/news/world/americas/us-politics/seth-meyers-tim-walz-weird-trump-vance-b2595474.html","2024-08-13T10:56:20+00:00","Seth Meyers jokes Tim Walz copied his ‘Republicans are weird’ line"
"https://www.dailywire.com/news/colbert-caught-off-guard-when-late-night-audience-laughs-at-his-leftist-talking-point","2024-08-13T19:11:38+00:00","Colbert Caught Off Guard When Late-Night Audience Laughs At His Leftist Talking Point"
"https://www.usnews.com/news/economy/articles/2024-08-13/wholesale-inflation-rises-less-than-forecast-as-yearly-pace-falls-to-2-2","2024-08-13T09:05:00-04:00","Wholesale Inflation Rises Less Than Forecast"
"https://www.latimes.com/politics/newsletter/2024-08-13/2024-election-chabria-column-family-values-politics","2024-08-13T10:00:07+00:00","Column: 'Tampon Tim' is a litmus test for American men"
"https://www.axios.com/2024/08/13/trump-election-ai-harris-biden-campaign","2024-08-13T19:09:36+00:00","Trump's alternative reality campaign"
"https://www.newsmax.com/politics/democrats-convention-uncommitted-delegates/2024/08/13/id/1176351/","2024-08-13T17:45:03+00:00","Dems Woo Uncommitted Delegates to Avoid Convention Clash"
"https://www.freep.com/story/news/politics/elections/2024/08/13/kwame-kilpatrick-gop-lincoln-day-dinner-novi/74785524007/","2024-08-13T20:31:09+00:00","Former Detroit Mayor Kwame Kilpatrick to address GOP Lincoln Day dinner in Novi"
"https://townhall.com/columnists/bradslager/2024/08/12/media-outlets-are-all-in-agreement-about-the-joy-in-kamalas-campaign-and-the-folksy-pick-of-tim-walz-n2643299","2024-08-13T01:03:24+00:00","Media Outlets Are All in Agreement About the 'Joy' in Kamala's Campaign and the 'Folksy' Pick of Tim Walz"
"https://www.yahoo.com/news/proven-track-record-behind-tim-150017433.html","2024-08-13T15:00:17+00:00","‘He has a proven track record’: behind Tim Walz’s appeal to workers"
"https://www.theguardian.com/media/article/2024/aug/13/new-york-times-endorsements-end","2024-08-13T16:17:04+00:00","New York Times will no longer endorse candidates outside presidential races"
"https://www.yahoo.com/news/former-detroit-mayor-kwame-kilpatrick-203109154.html","2024-08-13T20:31:09+00:00","Former Detroit Mayor Kwame Kilpatrick to address GOP Lincoln Day dinner in Novi"
"https://www.yahoo.com/news/york-times-no-longer-endorse-161704016.html","2024-08-13T16:17:04+00:00","New York Times will no longer endorse candidates outside presidential races"
"https://townhall.com/columnists/calthomas/2024/08/13/informing-low-information-voters-n2643292","2024-08-13T04:03:26+00:00","Informing Low-Information Voters"
"https://www.washingtonexaminer.com/opinion/3120066/legacy-media-versus-free-speech/","2024-08-13T18:45:36+00:00","Legacy media versus free speech"
"https://www.axios.com/2024/08/13/eyes-and-ears-on-dc-crypto","2024-08-13T16:48:02.493682+00:00","🗳️ Eyes and ears on DC"
"https://www.dailykos.com/story/2024/8/13/2262869/-Just-in-case-you-were-Wondering-exactly-Where-the-GOP-Nominee-stands-on-Public-Education","2024-08-13T23:43:09+00:00","Just in case you were Wondering exactly Where the GOP Nominee stands on Public Education"
"https://www.newsmax.com/politics/gop-ohio-sherrod-brown/2024/08/13/id/1176337/","2024-08-13T16:04:38+00:00","GOP Campaign Committee Scraps $700K in Ohio Senate Race Ads"
"https://www.newsweek.com/arizona-puts-abortion-rights-november-ballot-swing-state-voters-1938306","2024-08-13T03:21:28+00:00","Key swing state puts abortion rights on November ballot"
"https://www.nydailynews.com/2024/08/13/mtv-vma-date-delated-presidential-debate/","2024-08-13T23:24:28+00:00","MTV delays VMAs to avoid clash with presidential debate"
"https://www.dallasnews.com/opinion/commentary/2024/08/17/im-pretty-ok-with-that-and-other-world-record-making-quotes-of-the-week/","2024-08-13T16:45:18.977000+00:00","‘I’m pretty OK with that’ and other world record-making quotes of the week"
"https://www.ajc.com/politics/nathan-deal-talks-about-his-childrens-book-and-the-need-to-end-personal-attacks-in-politics/PGBT5A34HVBIFF77AJHTEGIFAM/","2024-08-13T16:36:29.656000+00:00","Nathan Deal talks about his children’s book and the need to end personal attacks in politics"
"https://nypost.com/2024/08/13/us-news/mike-lipetri-could-topple-rep-tom-suozzi-nassau-county-gop/","2024-08-13T23:16:27+00:00","LI GOP claims ‘vulnerable’ Democratic Rep. Tom Suozzi could lose seat off Trump’s coattails"
"https://www.usnews.com/news/top-news/articles/2024-08-13/democrat-ilhan-omar-faces-latest-test-to-us-houses-liberal-squad","2024-08-13T06:02:00-04:00","Ilhan Omar Wins Democratic Nomination, Boosts US House Liberals"
"https://www.newsweek.com/thebulletin/2024-08-13","2024-08-13T10:32:42+00:00","The Bulletin August 13, 2024"
"https://abcnews.go.com/US/wireStory/editorial-roundup-united-states-112812259","2024-08-13T19:42:34+00:00","Editorial Roundup: United States"
"https://www.washingtonexaminer.com/news/campaigns/presidential/3120478/walz-defends-military-record-first-solo-speech/","2024-08-13T22:05:36+00:00","Walz defends military record amid controversy in first solo speech"
"https://www.aljazeera.com/news/2024/8/13/why-do-us-parties-hold-presidential-conventions-what-to-know-in-500-words","2024-08-13T17:58:18+00:00","Why do US parties hold presidential conventions? What to know, in 500 words"
"https://www.washingtonexaminer.com/news/campaigns/state/3119490/arizona-voters-abortion-amendment-november/","2024-08-13T13:29:49+00:00","Arizona voters will decide on abortion amendment this November"
"https://www.theguardian.com/us-news/article/2024/aug/12/trump-elon-musk-interview-key-takeaways","2024-08-13T03:42:46+00:00","Familiar vitriol, and Musk the enabler: key takeaways from Trump’s X interview"
"https://www.inquirer.com/newsletters/morning/pennsylvania-voter-data-trends-free-dating-advice-philly-20240813.html","2024-08-13T10:00:01+00:00","How to win Pennsylvania"
"https://www.zerohedge.com/geopolitical/eu-disavows-attention-seeking-politician-thierry-breton-over-electoral-interference","2024-08-13T22:00:00+00:00","EU Disavows ""Attention-Seeking Politician"" Thierry Breton Over 'Electoral Interference' Letter Threatening Musk"
"https://www.bloomberg.com/news/newsletters/2024-08-13/inflation-report-will-give-another-jolt-to-2024-campaign-debate?srnd%5C%5Cu003dphx-economics-v2=","2024-08-13T20:25:17.704000+00:00","Inflation Report Will Give Another Jolt to 2024 Campaign Debate"
"https://www.newsmax.com/politics/ilhan-omar-squad-democrat/2024/08/13/id/1176299/","2024-08-13T12:22:51+00:00","Democrat Ilhan Omar Faces Latest Test to US House's Liberal 'Squad'"